name,country,subcountry
Zárate,Argentina,Buenos Aires
Villa Ocampo,Argentina,Santa Fe
Villa Lugano,Argentina,Buenos Aires F.D.
Villaguay,Argentina,Entre Rios
Villa Gesell,Argentina,Buenos Aires
Tigre,Argentina,Buenos Aires
Tandil,Argentina,Buenos Aires
San Vicente,Argentina,Misiones
Santo Tomé,Argentina,Corrientes
Santa Elena,Argentina,Entre Rios
San Pedro,Argentina,Misiones
San Luis del Palmar,Argentina,Corrientes
San Lorenzo,Argentina,Corrientes
San Javier,Argentina,Santa Fe
San Isidro,Argentina,Buenos Aires
Saladas,Argentina,Corrientes
Retiro,Argentina,Buenos Aires F.D.
Resistencia,Argentina,Chaco
Reconquista,Argentina,Santa Fe
Quilmes,Argentina,Buenos Aires
Puerto Rico,Argentina,Misiones
Puerto Iguazú,Argentina,Misiones
Puerto Esperanza,Argentina,Misiones
Puerto Eldorado,Argentina,Misiones
Posadas,Argentina,Misiones
Pontevedra,Argentina,Buenos Aires
Pirané,Argentina,Formosa
Paso de los Libres,Argentina,Corrientes
Oberá,Argentina,Misiones
Necochea,Argentina,Buenos Aires
Morón,Argentina,Buenos Aires
Monte Caseros,Argentina,Corrientes
Montecarlo,Argentina,Misiones
Mercedes,Argentina,Buenos Aires
Mercedes,Argentina,Corrientes
Mar del Plata,Argentina,Buenos Aires
Luján,Argentina,Buenos Aires
La Plata,Argentina,Buenos Aires
La Paz,Argentina,Entre Rios
Jardín América,Argentina,Misiones
Gualeguaychú,Argentina,Entre Rios
Gualeguay,Argentina,Entre Rios
Goya,Argentina,Corrientes
Gobernador Ingeniero Valentín Virasoro,Argentina,Corrientes
General José de San Martín,Argentina,Chaco
Garupá,Argentina,Misiones
Formosa,Argentina,Formosa
Fontana,Argentina,Chaco
Federal,Argentina,Entre Rios
Esquina,Argentina,Corrientes
El Soberbio,Argentina,Misiones
Dolores,Argentina,Buenos Aires
Curuzú Cuatiá,Argentina,Corrientes
Corrientes,Argentina,Corrientes
Concordia,Argentina,Entre Rios
Concepción del Uruguay,Argentina,Entre Rios
Colegiales,Argentina,Buenos Aires F.D.
Chajarí,Argentina,Entre Rios
Campana,Argentina,Buenos Aires
Buenos Aires,Argentina,Buenos Aires F.D.
Barranqueras,Argentina,Chaco
Azul,Argentina,Buenos Aires
Avellaneda,Argentina,Santa Fe
Aristóbulo del Valle,Argentina,Misiones
Zapala,Argentina,Neuquen
Yerba Buena,Argentina,Tucumán
Villa Regina,Argentina,Rio Negro
Villa Paula de Sarmiento,Argentina,San Juan
Villa Nueva,Argentina,Cordoba
Villa María,Argentina,Cordoba
Villa Dolores,Argentina,Cordoba
Villa Constitución,Argentina,Santa Fe
Villa Carlos Paz,Argentina,Cordoba
Villa Ángela,Argentina,Chaco
Villa Allende,Argentina,Cordoba
Viedma,Argentina,Rio Negro
Victoria,Argentina,Entre Rios
Vera,Argentina,Santa Fe
Venado Tuerto,Argentina,Santa Fe
Veinticinco de Mayo,Argentina,Buenos Aires
Ushuaia,Argentina,Tierra del Fuego
Unquillo,Argentina,Cordoba
Tres Isletas,Argentina,Chaco
Tres Arroyos,Argentina,Buenos Aires
Trelew,Argentina,Chubut
Termas de Río Hondo,Argentina,Santiago del Estero
Tartagal,Argentina,Salta
Tafí Viejo,Argentina,Tucumán
Sunchales,Argentina,Santa Fe
Santo Tomé,Argentina,Santa Fe
Santiago del Estero,Argentina,Santiago del Estero
Santa Rosa,Argentina,La Pampa
Santa Lucía,Argentina,San Juan
Santa Fe de la Vera Cruz,Argentina,Santa Fe
San Salvador de Jujuy,Argentina,Jujuy
San Ramón de la Nueva Orán,Argentina,Salta
San Rafael,Argentina,Mendoza
San Pedro,Argentina,Jujuy
San Nicolás de los Arroyos,Argentina,Buenos Aires
San Miguel de Tucumán,Argentina,Tucumán
San Martín de los Andes,Argentina,Neuquen
San Martín,Argentina,Mendoza
San Luis,Argentina,San Luis
San Justo,Argentina,Santa Fe
San Juan,Argentina,San Juan
San José de Jáchal,Argentina,San Juan
San Jorge,Argentina,Santa Fe
San Francisco,Argentina,Cordoba
San Fernando del Valle de Catamarca,Argentina,Catamarca
San Antonio Oeste,Argentina,Rio Negro
Salta,Argentina,Salta
Rufino,Argentina,Santa Fe
Rosario,Argentina,Santa Fe
Río Tercero,Argentina,Cordoba
Río Segundo,Argentina,Cordoba
Río Gallegos,Argentina,Santa Cruz
Río Cuarto,Argentina,Cordoba
Río Ceballos,Argentina,Cordoba
Rawson,Argentina,Chubut
Rafaela,Argentina,Santa Fe
Quitilipi,Argentina,Chaco
Punta Alta,Argentina,Buenos Aires
Puerto Madryn,Argentina,Chubut
Presidencia Roque Sáenz Peña,Argentina,Chaco
Pocito,Argentina,San Juan
Plottier,Argentina,Neuquen
Pergamino,Argentina,Buenos Aires
Pérez,Argentina,Santa Fe
Paraná,Argentina,Entre Rios
Palpalá,Argentina,Jujuy
Olavarría,Argentina,Buenos Aires
Nueve de Julio,Argentina,Buenos Aires
Neuquén,Argentina,Neuquen
Morteros,Argentina,Cordoba
Monteros,Argentina,Tucumán
Mendoza,Argentina,Mendoza
Marcos Juárez,Argentina,Cordoba
Machagai,Argentina,Chaco
Lincoln,Argentina,Buenos Aires
Libertador General San Martín,Argentina,Jujuy
Las Breñas,Argentina,Chaco
La Rioja,Argentina,La Rioja
La Falda,Argentina,Cordoba
La Calera,Argentina,Cordoba
Laboulaye,Argentina,Cordoba
Junín,Argentina,Buenos Aires
Joaquín V. González,Argentina,Salta
Jesús María,Argentina,Cordoba
Granadero Baigorria,Argentina,Santa Fe
Gobernador Gálvez,Argentina,Santa Fe
General Roca,Argentina,Rio Negro
General Pinedo,Argentina,Chaco
General Pico,Argentina,La Pampa
General Enrique Mosconi,Argentina,Salta
Gálvez,Argentina,Santa Fe
Firmat,Argentina,Santa Fe
Famaillá,Argentina,Tucumán
Esquel,Argentina,Chubut
Esperanza,Argentina,Santa Fe
Embarcación,Argentina,Salta
Embalse,Argentina,Cordoba
El Bolsón,Argentina,Rio Negro
Diamante,Argentina,Entre Rios
Deán Funes,Argentina,Cordoba
Cutral-Có,Argentina,Neuquen
Cruz del Eje,Argentina,Cordoba
Crespo,Argentina,Entre Rios
Cosquín,Argentina,Cordoba
Coronel Suárez,Argentina,Buenos Aires
Coronda,Argentina,Santa Fe
Córdoba,Argentina,Cordoba
Comodoro Rivadavia,Argentina,Chubut
Cipolletti,Argentina,Rio Negro
Cinco Saltos,Argentina,Rio Negro
Chivilcoy,Argentina,Buenos Aires
Chimbas,Argentina,San Juan
Chilecito,Argentina,La Rioja
Charata,Argentina,Chaco
Chacabuco,Argentina,Buenos Aires
Centenario,Argentina,Neuquen
Caucete,Argentina,San Juan
Catriel,Argentina,Rio Negro
Castelli,Argentina,Chaco
Casilda,Argentina,Santa Fe
Carcarañá,Argentina,Santa Fe
Capitán Bermúdez,Argentina,Santa Fe
Cañada de Gómez,Argentina,Santa Fe
Caleta Olivia,Argentina,Santa Cruz
Bell Ville,Argentina,Cordoba
Bella Vista,Argentina,Tucumán
Bahía Blanca,Argentina,Buenos Aires
Arroyo Seco,Argentina,Santa Fe
Arroyito,Argentina,Cordoba
Añatuya,Argentina,Santiago del Estero
Alta Gracia,Argentina,Cordoba
Allen,Argentina,Rio Negro
Alderetes,Argentina,Tucumán
Albardón,Argentina,San Juan
Aguilares,Argentina,Tucumán
Villa Santa Rita,Argentina,Buenos Aires F.D.
Villa Mercedes,Argentina,San Luis
San Carlos de Bariloche,Argentina,Rio Negro
Adrogué,Argentina,Buenos Aires
Yacuiba,Bolivia,Tarija
Warnes,Bolivia,Santa Cruz
Villazón,Bolivia,Potosí
Villa Yapacaní,Bolivia,Santa Cruz
Villamontes,Bolivia,Tarija
Tupiza,Bolivia,Potosí
Trinidad,Bolivia,El Beni
Tarija,Bolivia,Tarija
Sucre,Bolivia,Chuquisaca
Santiago del Torno,Bolivia,Santa Cruz
Santa Cruz de la Sierra,Bolivia,Santa Cruz
San Ignacio de Velasco,Bolivia,Santa Cruz
San Borja,Bolivia,El Beni
Riberalta,Bolivia,El Beni
Punata,Bolivia,Cochabamba
Potosí,Bolivia,Potosí
Oruro,Bolivia,Oruro
Montero,Bolivia,Santa Cruz
Mizque,Bolivia,Cochabamba
Llallagua,Bolivia,Potosí
La Paz,Bolivia,La Paz
Huanuni,Bolivia,Oruro
Guayaramerín,Bolivia,El Beni
Cotoca,Bolivia,Santa Cruz
Cochabamba,Bolivia,Cochabamba
Cobija,Bolivia,Pando
Camiri,Bolivia,Santa Cruz
Vitória do Mearim,Brazil,Maranhão
Vitória de Santo Antão,Brazil,Pernambuco
Viseu,Brazil,Pará
Conde,Brazil,Paraíba
Vigia,Brazil,Pará
Viçosa do Ceará,Brazil,Ceará
Viçosa,Brazil,Alagoas
Viana,Brazil,Maranhão
Várzea Alegre,Brazil,Ceará
Varjota,Brazil,Ceará
Vargem Grande,Brazil,Maranhão
Valença do Piauí,Brazil,Piauí
União dos Palmares,Brazil,Alagoas
União,Brazil,Piauí
Tuntum,Brazil,Maranhão
Tucuruí,Brazil,Pará
Tucumã,Brazil,Pará
Trindade,Brazil,Pernambuco
Trairi,Brazil,Ceará
Toritama,Brazil,Pernambuco
Tomé Açu,Brazil,Pará
Timon,Brazil,Maranhão
Timbiras,Brazil,Maranhão
Timbaúba,Brazil,Pernambuco
Tianguá,Brazil,Ceará
Teresina,Brazil,Piauí
São João dos Inhamuns,Brazil,Ceará
Tamandaré,Brazil,Pernambuco
Tabira,Brazil,Pernambuco
Surubim,Brazil,Pernambuco
Sousa,Brazil,Paraíba
Soure,Brazil,Pará
Solânea,Brazil,Paraíba
Sobral,Brazil,Ceará
Sirinhaém,Brazil,Pernambuco
Sertânia,Brazil,Pernambuco
Serra Talhada,Brazil,Pernambuco
Senador Pompeu,Brazil,Ceará
Satuba,Brazil,Alagoas
São Raimundo Nonato,Brazil,Piauí
São Miguel dos Campos,Brazil,Alagoas
São Miguel do Guamá,Brazil,Pará
São Mateus do Maranhão,Brazil,Maranhão
São Luís do Quitunde,Brazil,Alagoas
São Luís,Brazil,Maranhão
São Lourenço da Mata,Brazil,Pernambuco
São José do Egito,Brazil,Pernambuco
São José de Ribamar,Brazil,Maranhão
São José de Mipibu,Brazil,Rio Grande do Norte
São João dos Patos,Brazil,Maranhão
São Gonçalo do Amarante,Brazil,Ceará
São Félix do Xingu,Brazil,Pará
São Domingos do Maranhão,Brazil,Maranhão
São Bento,Brazil,Paraíba
São Bento,Brazil,Maranhão
Santa Rita,Brazil,Paraíba
Santarém,Brazil,Pará
Santa Quitéria do Maranhão,Brazil,Maranhão
Santa Quitéria,Brazil,Ceará
Santana do Ipanema,Brazil,Alagoas
Santa Luzia,Brazil,Maranhão
Santa Inês,Brazil,Maranhão
Santa Helena,Brazil,Maranhão
Santa Cruz do Capibaribe,Brazil,Pernambuco
Santa Cruz,Brazil,Rio Grande do Norte
Salinópolis,Brazil,Pará
Salgueiro,Brazil,Pernambuco
Russas,Brazil,Ceará
Rio Largo,Brazil,Alagoas
Rio Formoso,Brazil,Pernambuco
Ribeirão,Brazil,Pernambuco
Recife,Brazil,Pernambuco
Quixeramobim,Brazil,Ceará
Quixadá,Brazil,Ceará
Presidente Dutra,Brazil,Maranhão
Santana,Brazil,Amapá
Porto Calvo,Brazil,Alagoas
Portel,Brazil,Pará
Pombos,Brazil,Pernambuco
Pombal,Brazil,Paraíba
Piripiri,Brazil,Piauí
Piracuruca,Brazil,Piauí
Pinheiro,Brazil,Maranhão
Pindaré Mirim,Brazil,Maranhão
Pilar,Brazil,Alagoas
Picos,Brazil,Piauí
Petrolina,Brazil,Pernambuco
Jatobá,Brazil,Pernambuco
Pesqueira,Brazil,Pernambuco
Pentecoste,Brazil,Ceará
Penalva,Brazil,Maranhão
Pedro II,Brazil,Piauí
Pedra Branca,Brazil,Ceará
Paulo Afonso,Brazil,Bahia
Paulista,Brazil,Pernambuco
Patos,Brazil,Paraíba
Parnamirim,Brazil,Rio Grande do Norte
Parnaíba,Brazil,Piauí
Parintins,Brazil,Amazonas
Parelhas,Brazil,Rio Grande do Norte
Paraipaba,Brazil,Ceará
Paragominas,Brazil,Pará
Paracuru,Brazil,Ceará
Palmares,Brazil,Pernambuco
Pacatuba,Brazil,Ceará
Pacajus,Brazil,Ceará
Ouricuri,Brazil,Pernambuco
Orós,Brazil,Ceará
Oriximiná,Brazil,Pará
Olinda,Brazil,Pernambuco
Oeiras,Brazil,Piauí
Ábidos,Brazil,Pará
Nova Russas,Brazil,Ceará
Nova Cruz,Brazil,Rio Grande do Norte
Nazaré da Mata,Brazil,Pernambuco
Natal,Brazil,Rio Grande do Norte
Murici,Brazil,Alagoas
Moreno,Brazil,Pernambuco
Morada Nova,Brazil,Ceará
Monteiro,Brazil,Paraíba
Monte Alegre,Brazil,Pará
Mombaça,Brazil,Ceará
Moju,Brazil,Pará
Mossoró,Brazil,Rio Grande do Norte
Mocajuba,Brazil,Pará
Maués,Brazil,Amazonas
Matriz de Camaragibe,Brazil,Alagoas
Mari,Brazil,Paraíba
Marechal Deodoro,Brazil,Alagoas
Maragogi,Brazil,Alagoas
Maracanaú,Brazil,Ceará
Marabá,Brazil,Pará
Mamanguape,Brazil,Paraíba
Maceió,Brazil,Alagoas
Macau,Brazil,Rio Grande do Norte
Macapá,Brazil,Amapá
Macaíba,Brazil,Rio Grande do Norte
Limoeiro do Norte,Brazil,Ceará
Limoeiro,Brazil,Pernambuco
Lavras da Mangabeira,Brazil,Ceará
Lajedo,Brazil,Pernambuco
Lago da Pedra,Brazil,Maranhão
Lagoa do Itaenga,Brazil,Pernambuco
Juazeiro do Norte,Brazil,Ceará
José de Freitas,Brazil,Piauí
João Pessoa,Brazil,Paraíba
João Câmara,Brazil,Rio Grande do Norte
Jaguaruana,Brazil,Ceará
Jaguaribe,Brazil,Ceará
Jaboatão,Brazil,Pernambuco
Itupiranga,Brazil,Pará
Itacoatiara,Brazil,Amazonas
Itaporanga,Brazil,Paraíba
Itapissuma,Brazil,Pernambuco
Itapipoca,Brazil,Ceará
Itapecuru Mirim,Brazil,Maranhão
Itapagé,Brazil,Ceará
Itaituba,Brazil,Pará
Itaitinga,Brazil,Ceará
Itabaiana,Brazil,Paraíba
Ipueiras,Brazil,Ceará
Ipubi,Brazil,Pernambuco
Ipu,Brazil,Ceará
Ipojuca,Brazil,Pernambuco
Imperatriz,Brazil,Maranhão
Iguatu,Brazil,Ceará
Igarapé Miri,Brazil,Pará
Igarapé Açu,Brazil,Pará
Igarassu,Brazil,Pernambuco
Icó,Brazil,Ceará
Horizonte,Brazil,Ceará
Guaraciaba do Norte,Brazil,Ceará
Guarabira,Brazil,Paraíba
Guaiúba,Brazil,Ceará
Gravatá,Brazil,Pernambuco
Granja,Brazil,Ceará
Grajaú,Brazil,Maranhão
Goiana,Brazil,Pernambuco
Glória do Goitá,Brazil,Pernambuco
Garanhuns,Brazil,Pernambuco
Gameleira,Brazil,Pernambuco
Fortaleza,Brazil,Ceará
Floriano,Brazil,Piauí
Floresta,Brazil,Pernambuco
Eusébio,Brazil,Ceará
Extremoz,Brazil,Rio Grande do Norte
Estreito,Brazil,Maranhão
Esperantina,Brazil,Piauí
Esperança,Brazil,Paraíba
Escada,Brazil,Pernambuco
Dom Pedro,Brazil,Maranhão
Demerval Lobão,Brazil,Piauí
Delmiro Gouveia,Brazil,Alagoas
Custódia,Brazil,Pernambuco
Cururupu,Brazil,Maranhão
Currais Novos,Brazil,Rio Grande do Norte
Cupira,Brazil,Pernambuco
Crato,Brazil,Ceará
Crateús,Brazil,Ceará
Coroatá,Brazil,Maranhão
Condado,Brazil,Pernambuco
Conceição do Araguaia,Brazil,Pará
Colinas,Brazil,Maranhão
Coelho Neto,Brazil,Maranhão
Codó,Brazil,Maranhão
Chapadinha,Brazil,Maranhão
Chã Grande,Brazil,Pernambuco
Ceará Mirim,Brazil,Rio Grande do Norte
Caxias,Brazil,Maranhão
Caucaia,Brazil,Ceará
Catolé do Rocha,Brazil,Paraíba
Catende,Brazil,Pernambuco
Castanhal,Brazil,Pará
Cascavel,Brazil,Ceará
Caruaru,Brazil,Pernambuco
Carpina,Brazil,Pernambuco
Carolina,Brazil,Maranhão
Capitão Poço,Brazil,Pará
Capanema,Brazil,Pará
Canindé,Brazil,Ceará
Canguaretama,Brazil,Rio Grande do Norte
Campos Sales,Brazil,Ceará
Campo Maior,Brazil,Piauí
Campo Alegre,Brazil,Alagoas
Campina Grande,Brazil,Paraíba
Camocim,Brazil,Ceará
Cametá,Brazil,Pará
Cajueiro,Brazil,Alagoas
Cajazeiras,Brazil,Paraíba
Caicó,Brazil,Rio Grande do Norte
Cabrobó,Brazil,Pernambuco
Cabo,Brazil,Pernambuco
Cabedelo,Brazil,Paraíba
Buriti Bravo,Brazil,Maranhão
Buíque,Brazil,Pernambuco
Breves,Brazil,Pará
Brejo Santo,Brazil,Ceará
Brejo da Madre de Deus,Brazil,Pernambuco
Bragança,Brazil,Pará
Bom Conselho,Brazil,Pernambuco
Boa Viagem,Brazil,Ceará
Bezerros,Brazil,Pernambuco
Benevides,Brazil,Pará
Belo Jardim,Brazil,Pernambuco
Belém,Brazil,Paraíba
Belém,Brazil,Pará
Beberibe,Brazil,Ceará
Bayeux,Brazil,Paraíba
Baturité,Brazil,Ceará
Barreiros,Brazil,Pernambuco
Barreirinhas,Brazil,Maranhão
Barras,Brazil,Piauí
Barra do Corda,Brazil,Maranhão
Barcarena,Brazil,Pará
Barbalha,Brazil,Ceará
Balsas,Brazil,Maranhão
Bacabal,Brazil,Maranhão
Augusto Corrêa,Brazil,Pará
Atalaia,Brazil,Alagoas
Areia Branca,Brazil,Rio Grande do Norte
Arcoverde,Brazil,Pernambuco
Araripina,Brazil,Pernambuco
Arari,Brazil,Maranhão
Arapiraca,Brazil,Alagoas
Araguaína,Brazil,Tocantins
Aracati,Brazil,Ceará
Aquiraz,Brazil,Ceará
Apodi,Brazil,Rio Grande do Norte
Ananindeua,Brazil,Pará
Amaraji,Brazil,Pernambuco
Altos,Brazil,Piauí
Altamira,Brazil,Pará
Almeirim,Brazil,Pará
Alenquer,Brazil,Pará
Alagoa Grande,Brazil,Paraíba
Águas Belas,Brazil,Pernambuco
Água Preta,Brazil,Pernambuco
Afogados da Ingazeira,Brazil,Pernambuco
Açu,Brazil,Rio Grande do Norte
Acopiara,Brazil,Ceará
Acaraú,Brazil,Ceará
Abreu e Lima,Brazil,Pernambuco
Abaetetuba,Brazil,Pará
Xique Xique,Brazil,Bahia
Xanxerê,Brazil,Santa Catarina
Votuporanga,Brazil,São Paulo
Votorantim,Brazil,São Paulo
Volta Redonda,Brazil,Rio de Janeiro
Vitória da Conquista,Brazil,Bahia
Vitória,Brazil,Espírito Santo
Visconde do Rio Branco,Brazil,Minas Gerais
Viradouro,Brazil,São Paulo
Vinhedo,Brazil,São Paulo
Vila Velha,Brazil,Espírito Santo
Videira,Brazil,Santa Catarina
Viçosa,Brazil,Minas Gerais
Viana,Brazil,Espírito Santo
Viamão,Brazil,Rio Grande do Sul
Vespasiano,Brazil,Minas Gerais
Veranópolis,Brazil,Rio Grande do Sul
Vera Cruz,Brazil,Bahia
Wenceslau Braz,Brazil,Paraná
Venâncio Aires,Brazil,Rio Grande do Sul
Vazante,Brazil,Minas Gerais
Vassouras,Brazil,Rio de Janeiro
Várzea Paulista,Brazil,São Paulo
Várzea Grande,Brazil,Mato Grosso
Várzea da Palma,Brazil,Minas Gerais
Varginha,Brazil,Minas Gerais
Vargem Grande do Sul,Brazil,São Paulo
Valparaíso,Brazil,São Paulo
Valinhos,Brazil,São Paulo
Valença,Brazil,Rio de Janeiro
Valença,Brazil,Bahia
Vacaria,Brazil,Rio Grande do Sul
Uruguaiana,Brazil,Rio Grande do Sul
Uruçuca,Brazil,Bahia
Uruaçu,Brazil,Goiás
União da Vitória,Brazil,Paraná
Unaí,Brazil,Minas Gerais
Una,Brazil,Bahia
Umuarama,Brazil,Paraná
Uberlândia,Brazil,Minas Gerais
Uberaba,Brazil,Minas Gerais
Ubatuba,Brazil,São Paulo
Ubatã,Brazil,Bahia
Ubaitaba,Brazil,Bahia
Ubá,Brazil,Minas Gerais
Tupanciretã,Brazil,Rio Grande do Sul
Tupaciguara,Brazil,Minas Gerais
Tupã,Brazil,São Paulo
Tucano,Brazil,Bahia
Tubarão,Brazil,Santa Catarina
Trindade,Brazil,Goiás
Três Rios,Brazil,Rio de Janeiro
Três Pontas,Brazil,Minas Gerais
Três Passos,Brazil,Rio Grande do Sul
Três Lagoas,Brazil,Mato Grosso do Sul
Três de Maio,Brazil,Rio Grande do Sul
Três Coroas,Brazil,Rio Grande do Sul
Três Corações,Brazil,Minas Gerais
Tremembé,Brazil,São Paulo
Tramandaí,Brazil,Rio Grande do Sul
Torres,Brazil,Rio Grande do Sul
Toledo,Brazil,Paraná
Tobias Barreto,Brazil,Sergipe
Timóteo,Brazil,Minas Gerais
Timbó,Brazil,Santa Catarina
Tijucas,Brazil,Santa Catarina
Tietê,Brazil,São Paulo
Teutônia,Brazil,Rio Grande do Sul
Teresópolis,Brazil,Rio de Janeiro
Teófilo Otoni,Brazil,Minas Gerais
Teodoro Sampaio,Brazil,São Paulo
Telêmaco Borba,Brazil,Paraná
Taubaté,Brazil,São Paulo
Tatuí,Brazil,São Paulo
Taquarituba,Brazil,São Paulo
Taquaritinga,Brazil,São Paulo
Taquari,Brazil,Rio Grande do Sul
Taquara,Brazil,Rio Grande do Sul
Tapiramutá,Brazil,Bahia
Tapes,Brazil,Rio Grande do Sul
Tanguá,Brazil,Rio de Janeiro
Tanabi,Brazil,São Paulo
Tambaú,Brazil,São Paulo
Taiobeiras,Brazil,Minas Gerais
Taboão da Serra,Brazil,São Paulo
Suzano,Brazil,São Paulo
Sumaré,Brazil,São Paulo
Sorocaba,Brazil,São Paulo
Soledade,Brazil,Rio Grande do Sul
Socorro,Brazil,São Paulo
Sobradinho,Brazil,Bahia
Simão Dias,Brazil,Sergipe
Silva Jardim,Brazil,Rio de Janeiro
Sidrolândia,Brazil,Mato Grosso do Sul
Sete Lagoas,Brazil,Minas Gerais
Sertãozinho,Brazil,São Paulo
Serrinha,Brazil,Bahia
Serra Negra,Brazil,São Paulo
Serrana,Brazil,São Paulo
Serra,Brazil,Espírito Santo
Seropédica,Brazil,Rio de Janeiro
Senhor do Bonfim,Brazil,Bahia
Senador Canedo,Brazil,Goiás
Seabra,Brazil,Bahia
Schroeder,Brazil,Santa Catarina
Saubara,Brazil,Bahia
Sarzedo,Brazil,Minas Gerais
Sarandi,Brazil,Rio Grande do Sul
Sarandi,Brazil,Paraná
Saquarema,Brazil,Rio de Janeiro
Sapucaia,Brazil,Rio Grande do Sul
Sapiranga,Brazil,Rio Grande do Sul
São Vicente,Brazil,São Paulo
São Sepé,Brazil,Rio Grande do Sul
São Sebastião do Passé,Brazil,Bahia
São Sebastião do Paraíso,Brazil,Minas Gerais
São Sebastião do Caí,Brazil,Rio Grande do Sul
São Sebastião,Brazil,São Paulo
São Roque,Brazil,São Paulo
São Pedro da Aldeia,Brazil,Rio de Janeiro
São Pedro,Brazil,São Paulo
São Paulo,Brazil,São Paulo
São Miguel do Iguaçu,Brazil,Paraná
São Miguel do Araguaia,Brazil,Goiás
São Mateus do Sul,Brazil,Paraná
São Mateus,Brazil,Espírito Santo
São Marcos,Brazil,Rio Grande do Sul
São Manuel,Brazil,São Paulo
São Luiz Gonzaga,Brazil,Rio Grande do Sul
São Luís de Montes Belos,Brazil,Goiás
São Lourenço do Sul,Brazil,Rio Grande do Sul
São Lourenço,Brazil,Minas Gerais
São Leopoldo,Brazil,Rio Grande do Sul
São José dos Pinhais,Brazil,Paraná
São José dos Campos,Brazil,São Paulo
São José do Rio Preto,Brazil,São Paulo
São José do Rio Pardo,Brazil,São Paulo
São José,Brazil,Santa Catarina
São Joaquim da Barra,Brazil,São Paulo
São Joaquim,Brazil,Santa Catarina
São João Nepomuceno,Brazil,Minas Gerais
São João de Meriti,Brazil,Rio de Janeiro
São João del Rei,Brazil,Minas Gerais
São João da Boa Vista,Brazil,São Paulo
São João da Barra,Brazil,Rio de Janeiro
São Jerônimo,Brazil,Rio Grande do Sul
São Gotardo,Brazil,Minas Gerais
São Gonçalo do Sapucaí,Brazil,Minas Gerais
São Gabriel,Brazil,Rio Grande do Sul
São Francisco do Sul,Brazil,Santa Catarina
São Francisco do Conde,Brazil,Bahia
São Francisco,Brazil,Minas Gerais
São Fidélis,Brazil,Rio de Janeiro
São Cristóvão,Brazil,Sergipe
São Carlos,Brazil,São Paulo
São Caetano do Sul,Brazil,São Paulo
São Borja,Brazil,Rio Grande do Sul
São Bernardo do Campo,Brazil,São Paulo
São Bento do Sul,Brazil,Santa Catarina
Santos Dumont,Brazil,Minas Gerais
Santos,Brazil,São Paulo
Santo Estêvão,Brazil,Bahia
Santo Antônio do Monte,Brazil,Minas Gerais
Santo Antônio do Amparo,Brazil,Minas Gerais
Santo Antônio de Posse,Brazil,São Paulo
Santo Antônio de Pádua,Brazil,Rio de Janeiro
Santo Antônio de Jesus,Brazil,Bahia
Santo Antônio da Platina,Brazil,Paraná
Santo Ângelo,Brazil,Rio Grande do Sul
Santo André,Brazil,São Paulo
Santo Anastácio,Brazil,São Paulo
Santo Amaro da Imperatriz,Brazil,Santa Catarina
Santo Amaro,Brazil,Bahia
Santiago,Brazil,Rio Grande do Sul
Santa Vitória do Palmar,Brazil,Rio Grande do Sul
Santa Rosa de Viterbo,Brazil,São Paulo
Santa Rosa,Brazil,Rio Grande do Sul
Santa Rita do Sapucaí,Brazil,Minas Gerais
Santa Rita do Passa Quatro,Brazil,São Paulo
Santana do Paraíso,Brazil,Minas Gerais
Santana do Livramento,Brazil,Rio Grande do Sul
Santana de Parnaíba,Brazil,São Paulo
Santa Maria da Vitória,Brazil,Bahia
Santa Maria,Brazil,Rio Grande do Sul
Santa Luzia,Brazil,Minas Gerais
Santaluz,Brazil,Bahia
Santa Isabel,Brazil,São Paulo
Santa Helena de Goiás,Brazil,Goiás
Santa Gertrudes,Brazil,São Paulo
Santa Fé do Sul,Brazil,São Paulo
Santa Cruz do Sul,Brazil,Rio Grande do Sul
Santa Cruz do Rio Pardo,Brazil,São Paulo
Santa Cruz das Palmeiras,Brazil,São Paulo
Santa Cruz Cabrália,Brazil,Bahia
Santa Cecília,Brazil,Santa Catarina
Santa Bárbara d'Oeste,Brazil,São Paulo
Salvador,Brazil,Bahia
Salto de Pirapora,Brazil,São Paulo
Salto,Brazil,São Paulo
Salinas,Brazil,Minas Gerais
Sacramento,Brazil,Minas Gerais
Ruy Barbosa,Brazil,Bahia
Rubiataba,Brazil,Goiás
Rosário do Sul,Brazil,Rio Grande do Sul
Rondonópolis,Brazil,Mato Grosso
Rolante,Brazil,Rio Grande do Sul
Rolândia,Brazil,Paraná
Rio Verde de Mato Grosso,Brazil,Mato Grosso do Sul
Rio Real,Brazil,Bahia
Rio Pardo,Brazil,Rio Grande do Sul
Rio Negro,Brazil,Paraná
Rio Negrinho,Brazil,Santa Catarina
Rio Grande da Serra,Brazil,São Paulo
Rio Grande,Brazil,Rio Grande do Sul
Rio do Sul,Brazil,Santa Catarina
Rio de Janeiro,Brazil,Rio de Janeiro
Rio das Pedras,Brazil,São Paulo
Rio das Ostras,Brazil,Rio de Janeiro
Rio Claro,Brazil,São Paulo
Rio Brilhante,Brazil,Mato Grosso do Sul
Rio Branco do Sul,Brazil,Paraná
Rio Bonito,Brazil,Rio de Janeiro
Ribeirão Preto,Brazil,São Paulo
Ribeirão Pires,Brazil,São Paulo
Ribeirão das Neves,Brazil,Minas Gerais
Ribeirão da Ilha,Brazil,Santa Catarina
Ribeira do Pombal,Brazil,Bahia
Riachão do Jacuípe,Brazil,Bahia
Resplendor,Brazil,Minas Gerais
Resende,Brazil,Rio de Janeiro
Registro,Brazil,São Paulo
Regente Feijó,Brazil,São Paulo
Rancharia,Brazil,São Paulo
Quirinópolis,Brazil,Goiás
Queimados,Brazil,Rio de Janeiro
Quatro Barras,Brazil,Paraná
Quaraí,Brazil,Rio Grande do Sul
Prudentópolis,Brazil,Paraná
Propriá,Brazil,Sergipe
Promissão,Brazil,São Paulo
Presidente Venceslau,Brazil,São Paulo
Presidente Prudente,Brazil,São Paulo
Presidente Epitácio,Brazil,São Paulo
Prata,Brazil,Minas Gerais
Praia Grande,Brazil,São Paulo
Prado,Brazil,Bahia
Pouso Alegre,Brazil,Minas Gerais
Posse,Brazil,Goiás
Porto União,Brazil,Santa Catarina
Porto Seguro,Brazil,Bahia
Porto Ferreira,Brazil,São Paulo
Porto Feliz,Brazil,São Paulo
Porto Alegre,Brazil,Rio Grande do Sul
Portão,Brazil,Rio Grande do Sul
Porangatu,Brazil,Goiás
Pontes e Lacerda,Brazil,Mato Grosso
Ponte Nova,Brazil,Minas Gerais
Ponta Porã,Brazil,Mato Grosso do Sul
Pontal,Brazil,São Paulo
Ponta Grossa,Brazil,Paraná
Pompéu,Brazil,Minas Gerais
Pompéia,Brazil,São Paulo
Pomerode,Brazil,Santa Catarina
Poços de Caldas,Brazil,Minas Gerais
Poconé,Brazil,Mato Grosso
Poções,Brazil,Bahia
Poá,Brazil,São Paulo
Planaltina,Brazil,Goiás
Piúma,Brazil,Espírito Santo
Piuí,Brazil,Minas Gerais
Pitangui,Brazil,Minas Gerais
Pitangueiras,Brazil,São Paulo
Pitanga,Brazil,Paraná
Piritiba,Brazil,Bahia
Pires do Rio,Brazil,Goiás
Piraquara,Brazil,Paraná
Pirapozinho,Brazil,São Paulo
Pirapora,Brazil,Minas Gerais
Pirajuí,Brazil,São Paulo
Piraju,Brazil,São Paulo
Piraí do Sul,Brazil,Paraná
Piraí,Brazil,Rio de Janeiro
Pirassununga,Brazil,São Paulo
Piracicaba,Brazil,São Paulo
Piracanjuba,Brazil,Goiás
Piracaia,Brazil,São Paulo
Pinheiral,Brazil,Rio de Janeiro
Pinhão,Brazil,Paraná
Espírito Santo do Pinhal,Brazil,São Paulo
Pindobaçu,Brazil,Bahia
Pindamonhangaba,Brazil,São Paulo
Pilar do Sul,Brazil,São Paulo
Piedade,Brazil,São Paulo
Petrópolis,Brazil,Rio de Janeiro
Peruíbe,Brazil,São Paulo
Pereira Barreto,Brazil,São Paulo
Perdões,Brazil,Minas Gerais
Penha,Brazil,Santa Catarina
Penedo,Brazil,Alagoas
Penápolis,Brazil,São Paulo
Pelotas,Brazil,Rio Grande do Sul
Pedro Leopoldo,Brazil,Minas Gerais
Pedreira,Brazil,São Paulo
Pedra Azul,Brazil,Minas Gerais
Pederneiras,Brazil,São Paulo
Paulínia,Brazil,São Paulo
Patrocínio,Brazil,Minas Gerais
Patos de Minas,Brazil,Minas Gerais
Pato Branco,Brazil,Paraná
Paty do Alferes,Brazil,Rio de Janeiro
Passos,Brazil,Minas Gerais
Passo Fundo,Brazil,Rio Grande do Sul
Parobé,Brazil,Rio Grande do Sul
Paraty,Brazil,Rio de Janeiro
Paranavaí,Brazil,Paraná
Paranapanema,Brazil,São Paulo
Paranaíba,Brazil,Mato Grosso do Sul
Paranaguá,Brazil,Paraná
Paraíba do Sul,Brazil,Rio de Janeiro
Paraguaçu Paulista,Brazil,São Paulo
Paraguaçu,Brazil,Minas Gerais
Pará de Minas,Brazil,Minas Gerais
Paracatu,Brazil,Minas Gerais
Paracambi,Brazil,Rio de Janeiro
Panambi,Brazil,Rio Grande do Sul
Palotina,Brazil,Paraná
Palmital,Brazil,São Paulo
Palmeira das Missões,Brazil,Rio Grande do Sul
Palmeira,Brazil,Paraná
Palmas,Brazil,Paraná
Palhoça,Brazil,Santa Catarina
Paiçandu,Brazil,Paraná
Padre Bernardo,Brazil,Goiás
Ouro Preto,Brazil,Minas Gerais
Ouro Branco,Brazil,Minas Gerais
Ourinhos,Brazil,São Paulo
Osvaldo Cruz,Brazil,São Paulo
Osório,Brazil,Rio Grande do Sul
Osasco,Brazil,São Paulo
Orleans,Brazil,Santa Catarina
Orlândia,Brazil,São Paulo
Oliveira,Brazil,Minas Gerais
Olímpia,Brazil,São Paulo
Novo Horizonte,Brazil,São Paulo
Novo Hamburgo,Brazil,Rio Grande do Sul
Nova Viçosa,Brazil,Bahia
Nova Venécia,Brazil,Espírito Santo
Nova Prata,Brazil,Rio Grande do Sul
Nova Petrópolis,Brazil,Rio Grande do Sul
Nova Olímpia,Brazil,Mato Grosso
Nova Odessa,Brazil,São Paulo
Nova Lima,Brazil,Minas Gerais
Nova Iguaçu,Brazil,Rio de Janeiro
Nova Granada,Brazil,São Paulo
Nova Friburgo,Brazil,Rio de Janeiro
Nova Era,Brazil,Minas Gerais
Nossa Senhora do Socorro,Brazil,Sergipe
Nossa Senhora da Glória,Brazil,Sergipe
Niterói,Brazil,Rio de Janeiro
Niquelândia,Brazil,Goiás
Nilópolis,Brazil,Rio de Janeiro
Nerópolis,Brazil,Goiás
Nepomuceno,Brazil,Minas Gerais
Nazaré,Brazil,Bahia
Naviraí,Brazil,Mato Grosso do Sul
Navegantes,Brazil,Santa Catarina
Nanuque,Brazil,Minas Gerais
Muzambinho,Brazil,Minas Gerais
Muritiba,Brazil,Bahia
Muriaé,Brazil,Minas Gerais
Mucuri,Brazil,Bahia
Morro do Chapéu,Brazil,Bahia
Morro Agudo,Brazil,São Paulo
Morrinhos,Brazil,Goiás
Montes Claros,Brazil,Minas Gerais
Monte Santo de Minas,Brazil,Minas Gerais
Montenegro,Brazil,Rio Grande do Sul
Monte Mor,Brazil,São Paulo
Monte Carmelo,Brazil,Minas Gerais
Monte Azul Paulista,Brazil,São Paulo
Monte Aprazível,Brazil,São Paulo
Monte Alto,Brazil,São Paulo
Mongaguá,Brazil,São Paulo
Mogi Mirim,Brazil,São Paulo
Mogi-Gaucu,Brazil,São Paulo
Mogi das Cruzes,Brazil,São Paulo
Mococa,Brazil,São Paulo
Mirandopólis,Brazil,São Paulo
Miracema,Brazil,Rio de Janeiro
Mineiros,Brazil,Goiás
Miguel Pereira,Brazil,Rio de Janeiro
Miguelópolis,Brazil,São Paulo
Mendes,Brazil,Rio de Janeiro
Medianeira,Brazil,Paraná
Medeiros Neto,Brazil,Bahia
Mauá,Brazil,São Paulo
Matozinhos,Brazil,Minas Gerais
Mateus Leme,Brazil,Minas Gerais
Matão,Brazil,São Paulo
Mata de São João,Brazil,Bahia
Mascote,Brazil,Bahia
Martinópolis,Brazil,São Paulo
Maringá,Brazil,Paraná
Marília,Brazil,São Paulo
Maricá,Brazil,Rio de Janeiro
Mariana,Brazil,Minas Gerais
Marialva,Brazil,Paraná
Marechal Cândido Rondon,Brazil,Paraná
Marau,Brazil,Rio Grande do Sul
Marataizes,Brazil,Espírito Santo
Maragogipe,Brazil,Bahia
Maracás,Brazil,Bahia
Maracaju,Brazil,Mato Grosso do Sul
Manhumirim,Brazil,Minas Gerais
Manhuaçu,Brazil,Minas Gerais
Mangaratiba,Brazil,Rio de Janeiro
Mandaguari,Brazil,Paraná
Mairiporã,Brazil,São Paulo
Mairinque,Brazil,São Paulo
Mafra,Brazil,Santa Catarina
Machado,Brazil,Minas Gerais
Macatuba,Brazil,São Paulo
Macaé,Brazil,Rio de Janeiro
Luziânia,Brazil,Goiás
Lucas,Brazil,Mato Grosso
Louveira,Brazil,São Paulo
Lorena,Brazil,São Paulo
Londrina,Brazil,Paraná
Loanda,Brazil,Paraná
Livramento do Brumado,Brazil,Bahia
Lins,Brazil,São Paulo
Linhares,Brazil,Espírito Santo
Limeira,Brazil,São Paulo
Leopoldina,Brazil,Minas Gerais
Lençóis Paulista,Brazil,São Paulo
Leme,Brazil,São Paulo
Lavras,Brazil,Minas Gerais
Laranjeiras do Sul,Brazil,Paraná
Laranjeiras,Brazil,Sergipe
Laranjal Paulista,Brazil,São Paulo
Lapa,Brazil,Paraná
Lajinha,Brazil,Minas Gerais
Lages,Brazil,Santa Catarina
Lajeado,Brazil,Rio Grande do Sul
Laguna,Brazil,Santa Catarina
Lagoa Vermelha,Brazil,Rio Grande do Sul
Lagoa Santa,Brazil,Minas Gerais
Lagoa da Prata,Brazil,Minas Gerais
Lagarto,Brazil,Sergipe
Ladário,Brazil,Mato Grosso do Sul
Jundiaí,Brazil,São Paulo
Júlio de Castilhos,Brazil,Rio Grande do Sul
Juiz de Fora,Brazil,Minas Gerais
Juatuba,Brazil,Minas Gerais
José Bonifácio,Brazil,São Paulo
Joinville,Brazil,Santa Catarina
João Pinheiro,Brazil,Minas Gerais
João Monlevade,Brazil,Minas Gerais
Joaçaba,Brazil,Santa Catarina
Jeremoabo,Brazil,Bahia
Jequitinhonha,Brazil,Minas Gerais
Jequié,Brazil,Bahia
Jaú,Brazil,São Paulo
Jataí,Brazil,Goiás
Jarinu,Brazil,São Paulo
Jardinópolis,Brazil,São Paulo
Jardim,Brazil,Mato Grosso do Sul
Jaraguá do Sul,Brazil,Santa Catarina
Jaraguá,Brazil,Goiás
Japeri,Brazil,Rio de Janeiro
Januária,Brazil,Minas Gerais
Jandira,Brazil,São Paulo
Jandaia do Sul,Brazil,Paraná
Janaúba,Brazil,Minas Gerais
Jales,Brazil,São Paulo
Jaguariúna,Brazil,São Paulo
Jaguariaíva,Brazil,Paraná
Jaguarari,Brazil,Bahia
Jaguarão,Brazil,Rio Grande do Sul
Jaguaquara,Brazil,Bahia
Jacutinga,Brazil,Minas Gerais
Jacobina,Brazil,Bahia
Jaciara,Brazil,Mato Grosso
Jacarezinho,Brazil,Paraná
Jacareí,Brazil,São Paulo
Jaboticabal,Brazil,São Paulo
Ivoti,Brazil,Rio Grande do Sul
Ituverava,Brazil,São Paulo
Iturama,Brazil,Minas Gerais
Itupeva,Brazil,São Paulo
Itumbiara,Brazil,Goiás
Ituiutaba,Brazil,Minas Gerais
Ituberá,Brazil,Bahia
Itu,Brazil,São Paulo
Itororó,Brazil,Bahia
Itaúna,Brazil,Minas Gerais
Itatinga,Brazil,São Paulo
Itatiba,Brazil,São Paulo
Itararé,Brazil,São Paulo
Itaqui,Brazil,Rio Grande do Sul
Itaquaquecetuba,Brazil,São Paulo
Itapuranga,Brazil,Goiás
Itápolis,Brazil,São Paulo
Itapira,Brazil,São Paulo
Itapevi,Brazil,São Paulo
Itapeva,Brazil,São Paulo
Itapetininga,Brazil,São Paulo
Itapetinga,Brazil,Bahia
Itaperuna,Brazil,Rio de Janeiro
Itaperuçu,Brazil,Paraná
Itapemirim,Brazil,Espírito Santo
Itapema,Brazil,Santa Catarina
Itapecerica da Serra,Brazil,São Paulo
Itapecerica,Brazil,Minas Gerais
Itaparica,Brazil,Bahia
Itapaci,Brazil,Goiás
Itaocara,Brazil,Rio de Janeiro
Itanhaém,Brazil,São Paulo
Itambé,Brazil,Bahia
Itamarandiba,Brazil,Minas Gerais
Itamaraju,Brazil,Bahia
Itajuípe,Brazil,Bahia
Itajubá,Brazil,Minas Gerais
Itajaí,Brazil,Santa Catarina
Itaí,Brazil,São Paulo
Itaguaí,Brazil,Rio de Janeiro
Itabuna,Brazil,Bahia
Itaboraí,Brazil,Rio de Janeiro
Itabirito,Brazil,Minas Gerais
Itabira,Brazil,Minas Gerais
Itaberaí,Brazil,Goiás
Itaberaba,Brazil,Bahia
Itabaianinha,Brazil,Sergipe
Itabaiana,Brazil,Sergipe
Irecê,Brazil,Bahia
Irati,Brazil,Paraná
Iracemápolis,Brazil,São Paulo
Iporá,Brazil,Goiás
Ipirá,Brazil,Bahia
Ipiaú,Brazil,Bahia
Iperó,Brazil,São Paulo
Ipatinga,Brazil,Minas Gerais
Ipameri,Brazil,Goiás
Ipaba,Brazil,Minas Gerais
Inhumas,Brazil,Goiás
Indaiatuba,Brazil,São Paulo
Indaial,Brazil,Santa Catarina
Imbituva,Brazil,Paraná
Imbituba,Brazil,Santa Catarina
Ilhéus,Brazil,Bahia
Ilha Solteira,Brazil,São Paulo
Ilhabela,Brazil,São Paulo
Ijuí,Brazil,Rio Grande do Sul
Iguape,Brazil,São Paulo
Igrejinha,Brazil,Rio Grande do Sul
Igarapé,Brazil,Minas Gerais
Igarapava,Brazil,São Paulo
Igaraçu do Tietê,Brazil,São Paulo
Içara,Brazil,Santa Catarina
Ibotirama,Brazil,Bahia
Ibiúna,Brazil,São Paulo
Ibitinga,Brazil,São Paulo
Ibirité,Brazil,Minas Gerais
Ibirataia,Brazil,Bahia
Ibirama,Brazil,Santa Catarina
Ibiporã,Brazil,Paraná
Ibicaraí,Brazil,Bahia
Ibiá,Brazil,Minas Gerais
Ibaté,Brazil,São Paulo
Ibaiti,Brazil,Paraná
Iaçu,Brazil,Bahia
Hortolândia,Brazil,São Paulo
Herval,Brazil,Rio Grande do Sul
Gurupi,Brazil,Tocantins
Guaxupé,Brazil,Minas Gerais
Guarulhos,Brazil,São Paulo
Guarujá,Brazil,São Paulo
Guariba,Brazil,São Paulo
Guaratuba,Brazil,Paraná
Guaratinguetá,Brazil,São Paulo
Guararema,Brazil,São Paulo
Guararapes,Brazil,São Paulo
Guarapuava,Brazil,Paraná
Guarapari,Brazil,Espírito Santo
Guaranésia,Brazil,Minas Gerais
Guaramirim,Brazil,Santa Catarina
Guará,Brazil,São Paulo
Guaporé,Brazil,Rio Grande do Sul
Guapimirim,Brazil,Rio de Janeiro
Guanhães,Brazil,Minas Gerais
Guanambi,Brazil,Bahia
Guaíra,Brazil,São Paulo
Guaçuí,Brazil,Espírito Santo
Gravataí,Brazil,Rio Grande do Sul
Governador Valadares,Brazil,Minas Gerais
Goiatuba,Brazil,Goiás
Goiás,Brazil,Goiás
Goianira,Brazil,Goiás
Goiânia,Brazil,Goiás
Goianésia,Brazil,Goiás
Gaspar,Brazil,Santa Catarina
Garibaldi,Brazil,Rio Grande do Sul
Garça,Brazil,São Paulo
Gandu,Brazil,Bahia
Frutal,Brazil,Minas Gerais
Frederico Westphalen,Brazil,Rio Grande do Sul
Franco da Rocha,Brazil,São Paulo
Francisco Morato,Brazil,São Paulo
Francisco Beltrão,Brazil,Paraná
Franca,Brazil,São Paulo
Foz do Iguaçu,Brazil,Paraná
Forquilhinha,Brazil,Santa Catarina
Formosa,Brazil,Goiás
Formiga,Brazil,Minas Gerais
Florianópolis,Brazil,Santa Catarina
Flores da Cunha,Brazil,Rio Grande do Sul
Ferraz de Vasconcelos,Brazil,São Paulo
Fernandópolis,Brazil,São Paulo
Feira de Santana,Brazil,Bahia
Farroupilha,Brazil,Rio Grande do Sul
Euclides da Cunha,Brazil,Bahia
Estrela,Brazil,Rio Grande do Sul
Esteio,Brazil,Rio Grande do Sul
Estância Velha,Brazil,Rio Grande do Sul
Estância,Brazil,Sergipe
Esplanada,Brazil,Bahia
Espinosa,Brazil,Minas Gerais
Esmeraldas,Brazil,Minas Gerais
Erechim,Brazil,Rio Grande do Sul
Entre Rios,Brazil,Bahia
Encruzilhada do Sul,Brazil,Rio Grande do Sul
Encantado,Brazil,Rio Grande do Sul
Embu Guaçu,Brazil,São Paulo
Embu,Brazil,São Paulo
Elói Mendes,Brazil,Minas Gerais
Duque de Caxias,Brazil,Rio de Janeiro
Dourados,Brazil,Mato Grosso do Sul
Dom Pedrito,Brazil,Rio Grande do Sul
Dois Vizinhos,Brazil,Paraná
Dois Córregos,Brazil,São Paulo
Divinópolis,Brazil,Minas Gerais
Diamantino,Brazil,Mato Grosso
Diamantina,Brazil,Minas Gerais
Diadema,Brazil,São Paulo
Descalvado,Brazil,São Paulo
Curvelo,Brazil,Minas Gerais
Curitibanos,Brazil,Santa Catarina
Curitiba,Brazil,Paraná
Cuiabá,Brazil,Mato Grosso
Cubatão,Brazil,São Paulo
Cruzeiro do Oeste,Brazil,Paraná
Cruzeiro,Brazil,São Paulo
Cruz das Almas,Brazil,Bahia
Cruz Alta,Brazil,Rio Grande do Sul
Cristalina,Brazil,Goiás
Criciúma,Brazil,Santa Catarina
Cravinhos,Brazil,São Paulo
Coxim,Brazil,Mato Grosso do Sul
Cotia,Brazil,São Paulo
Cosmópolis,Brazil,São Paulo
Coruripe,Brazil,Alagoas
Corumbá,Brazil,Mato Grosso do Sul
Coronel Vivida,Brazil,Paraná
Coronel Fabriciano,Brazil,Minas Gerais
Coromandel,Brazil,Minas Gerais
Cornélio Procópio,Brazil,Paraná
Corinto,Brazil,Minas Gerais
Cordeirópolis,Brazil,São Paulo
Cordeiro,Brazil,Rio de Janeiro
Contagem,Brazil,Minas Gerais
Conselheiro Lafaiete,Brazil,Minas Gerais
Congonhas,Brazil,Minas Gerais
Conde,Brazil,Bahia
Concórdia,Brazil,Santa Catarina
Conchal,Brazil,São Paulo
Conceição do Coité,Brazil,Bahia
Conceição do Jacuípe,Brazil,Bahia
Conceição das Alagoas,Brazil,Minas Gerais
Conceição da Feira,Brazil,Bahia
Conceição da Barra,Brazil,Espírito Santo
Colorado,Brazil,Paraná
Colombo,Brazil,Paraná
Colatina,Brazil,Espírito Santo
Coaraci,Brazil,Bahia
Cláudio,Brazil,Minas Gerais
Cícero Dantas,Brazil,Bahia
Cianorte,Brazil,Paraná
Charqueadas,Brazil,Rio Grande do Sul
Chapecó,Brazil,Santa Catarina
Cerquilho,Brazil,São Paulo
Ceres,Brazil,Goiás
Celso Ramos,Brazil,Santa Catarina
Caxias do Sul,Brazil,Rio Grande do Sul
Caxambu,Brazil,Minas Gerais
Catu,Brazil,Bahia
Catanduva,Brazil,São Paulo
Catalão,Brazil,Goiás
Cataguases,Brazil,Minas Gerais
Castro,Brazil,Paraná
Castelo,Brazil,Espírito Santo
Cassilândia,Brazil,Mato Grosso do Sul
Casimiro de Abreu,Brazil,Rio de Janeiro
Cascavel,Brazil,Paraná
Casa Branca,Brazil,São Paulo
Carmo do Paranaíba,Brazil,Minas Gerais
Carmo do Cajuru,Brazil,Minas Gerais
Carlos Barbosa,Brazil,Rio Grande do Sul
Carazinho,Brazil,Rio Grande do Sul
Caratinga,Brazil,Minas Gerais
Carapicuíba,Brazil,São Paulo
Carangola,Brazil,Minas Gerais
Carandaí,Brazil,Minas Gerais
Caraguatatuba,Brazil,São Paulo
Capivari,Brazil,São Paulo
Capinzal,Brazil,Santa Catarina
Capim Grosso,Brazil,Bahia
Capelinha,Brazil,Minas Gerais
Capela,Brazil,Sergipe
Capão da Canoa,Brazil,Rio Grande do Sul
Capâo Bonito,Brazil,São Paulo
Canoinhas,Brazil,Santa Catarina
Canoas,Brazil,Rio Grande do Sul
Canguçu,Brazil,Rio Grande do Sul
Canela,Brazil,Rio Grande do Sul
Cândido Mota,Brazil,São Paulo
Candelária,Brazil,Rio Grande do Sul
Canavieiras,Brazil,Bahia
Campo Verde,Brazil,Mato Grosso do Sul
Campos Novos,Brazil,Santa Catarina
Campos Gerais,Brazil,Minas Gerais
Campos do Jordão,Brazil,São Paulo
Campos Belos,Brazil,Goiás
Campos,Brazil,Rio de Janeiro
Campo Mourão,Brazil,Paraná
Campo Largo,Brazil,Paraná
Campo Grande,Brazil,Mato Grosso do Sul
Campo Formoso,Brazil,Bahia
Campo Belo,Brazil,Minas Gerais
Campinas,Brazil,São Paulo
Campina Grande do Sul,Brazil,Paraná
Cambuí,Brazil,Minas Gerais
Cambé,Brazil,Paraná
Cambará,Brazil,Paraná
Camaquã,Brazil,Rio Grande do Sul
Camanducaia,Brazil,Minas Gerais
Camaçari,Brazil,Bahia
Caldas Novas,Brazil,Goiás
Cajuru,Brazil,São Paulo
Cajati,Brazil,São Paulo
Cajamar,Brazil,São Paulo
Caieiras,Brazil,São Paulo
Caetité,Brazil,Bahia
Caeté,Brazil,Minas Gerais
Cachoeiro de Itapemirim,Brazil,Espírito Santo
Cachoeirinha,Brazil,Rio Grande do Sul
Cachoeiras de Macacu,Brazil,Rio de Janeiro
Cachoeira do Sul,Brazil,Rio Grande do Sul
Cachoeira,Brazil,Bahia
Caçapava do Sul,Brazil,Rio Grande do Sul
Caçapava,Brazil,São Paulo
Caçador,Brazil,Santa Catarina
Cabreúva,Brazil,São Paulo
Cabo Frio,Brazil,Rio de Janeiro
Butiá,Brazil,Rio Grande do Sul
Buritizeiro,Brazil,Minas Gerais
Buritis,Brazil,Minas Gerais
Buri,Brazil,São Paulo
Buerarema,Brazil,Bahia
Brusque,Brazil,Santa Catarina
Brumado,Brazil,Bahia
Brumadinho,Brazil,Minas Gerais
Brotas,Brazil,São Paulo
Brodósqui,Brazil,São Paulo
Brasília,Brazil,Federal District
Bragança Paulista,Brazil,São Paulo
Braço do Norte,Brazil,Santa Catarina
Botucatu,Brazil,São Paulo
Bom Jesus do Itabapoana,Brazil,Rio de Janeiro
Bom Jesus da Lapa,Brazil,Bahia
Bom Despacho,Brazil,Minas Gerais
Boituva,Brazil,São Paulo
Bocaiúva,Brazil,Minas Gerais
Boa Esperança,Brazil,Minas Gerais
Blumenau,Brazil,Santa Catarina
Biritiba Mirim,Brazil,São Paulo
Birigui,Brazil,São Paulo
Biguaçu,Brazil,Santa Catarina
Betim,Brazil,Minas Gerais
Bertioga,Brazil,São Paulo
Bento Gonçalves,Brazil,Rio Grande do Sul
Belo Oriente,Brazil,Minas Gerais
Belo Horizonte,Brazil,Minas Gerais
Belford Roxo,Brazil,Rio de Janeiro
Bela Vista,Brazil,Mato Grosso do Sul
Bebedouro,Brazil,São Paulo
Bauru,Brazil,São Paulo
Batatais,Brazil,São Paulo
Bastos,Brazil,São Paulo
Barueri,Brazil,São Paulo
Barroso,Brazil,Minas Gerais
Barrinha,Brazil,São Paulo
Barretos,Brazil,São Paulo
Barreiro do Jaíba,Brazil,Minas Gerais
Barreiras,Brazil,Bahia
Barra Velha,Brazil,Santa Catarina
Barra Mansa,Brazil,Rio de Janeiro
Barra dos Coqueiros,Brazil,Sergipe
Barra do Piraí,Brazil,Rio de Janeiro
Barra do Garças,Brazil,Mato Grosso
Barra do Bugres,Brazil,Mato Grosso
Barra de São Francisco,Brazil,Espírito Santo
Barra Bonita,Brazil,São Paulo
Barra,Brazil,Bahia
Bariri,Brazil,São Paulo
Barbacena,Brazil,Minas Gerais
Barão de Cocais,Brazil,Minas Gerais
Bandeirantes,Brazil,Paraná
Bambuí,Brazil,Minas Gerais
Balneário Camboriú,Brazil,Santa Catarina
Baixo Guandu,Brazil,Espírito Santo
Bagé,Brazil,Rio Grande do Sul
Avaré,Brazil,São Paulo
Atibaia,Brazil,São Paulo
Astorga,Brazil,Paraná
Assis,Brazil,São Paulo
Arujá,Brazil,São Paulo
Artur Nogueira,Brazil,São Paulo
Arroio Grande,Brazil,Rio Grande do Sul
Arroio do Meio,Brazil,Rio Grande do Sul
Arraial do Cabo,Brazil,Rio de Janeiro
Armação de Búzios,Brazil,Rio de Janeiro
Arcos,Brazil,Minas Gerais
Araxá,Brazil,Minas Gerais
Araucária,Brazil,Paraná
Araruama,Brazil,Rio de Janeiro
Araras,Brazil,São Paulo
Araraquara,Brazil,São Paulo
Araranguá,Brazil,Santa Catarina
Arapongas,Brazil,Paraná
Araguari,Brazil,Minas Gerais
Aragarças,Brazil,Goiás
Araçuaí,Brazil,Minas Gerais
Aracruz,Brazil,Espírito Santo
Araçoiaba da Serra,Brazil,São Paulo
Araci,Brazil,Bahia
Araçatuba,Brazil,São Paulo
Aracaju,Brazil,Sergipe
Aquidauana,Brazil,Mato Grosso do Sul
Apucarana,Brazil,Paraná
Apiaí,Brazil,São Paulo
Aparecida do Taboado,Brazil,Mato Grosso do Sul
Aparecida,Brazil,São Paulo
Antonina,Brazil,Paraná
Anicuns,Brazil,Goiás
Angra dos Reis,Brazil,Rio de Janeiro
Andradina,Brazil,São Paulo
Andradas,Brazil,Minas Gerais
Anastácio,Brazil,Mato Grosso do Sul
Anápolis,Brazil,Goiás
Amparo,Brazil,São Paulo
Américo Brasiliense,Brazil,São Paulo
Americana,Brazil,São Paulo
Amargosa,Brazil,Bahia
Álvares Machado,Brazil,São Paulo
Almirante Tamandaré,Brazil,Paraná
Almenara,Brazil,Minas Gerais
Alfenas,Brazil,Minas Gerais
Além Paraíba,Brazil,Minas Gerais
Alegrete,Brazil,Rio Grande do Sul
Alegre,Brazil,Espírito Santo
Alagoinhas,Brazil,Bahia
Aimorés,Brazil,Minas Gerais
Agudos,Brazil,São Paulo
Águas Vermelhas,Brazil,Minas Gerais
Águas de Lindóia,Brazil,São Paulo
Aguaí,Brazil,São Paulo
Adamantina,Brazil,São Paulo
Abaeté,Brazil,Minas Gerais
Guaíba,Brazil,Rio Grande do Sul
Palmas,Brazil,Tocantins
Tefé,Brazil,Amazonas
Tarauacá,Brazil,Acre
Tabatinga,Brazil,Amazonas
Sena Madureira,Brazil,Acre
São Gabriel da Cachoeira,Brazil,Amazonas
Rio Branco,Brazil,Acre
Porto Velho,Brazil,Rondônia
Manaus,Brazil,Amazonas
Manacapuru,Brazil,Amazonas
Humaitá,Brazil,Amazonas
Fonte Boa,Brazil,Amazonas
Eirunepé,Brazil,Amazonas
Cruzeiro do Sul,Brazil,Acre
Coari,Brazil,Amazonas
Carauari,Brazil,Amazonas
Boa Vista,Brazil,Roraima
Ariquemes,Brazil,Rondônia
Aripuanã,Brazil,Mato Grosso
Vilhena,Brazil,Rondônia
Pôsto Fiscal Rolim de Moura,Brazil,Rondônia
Pimenta Bueno,Brazil,Rondônia
Ouro Preto do Oeste,Brazil,Rondônia
Ji Paraná,Brazil,Rondônia
Jaru,Brazil,Rondônia
Guajará Mirim,Brazil,Rondônia
Cacoal,Brazil,Rondônia
Aparecida de Goiânia,Brazil,Goiás
Campinas,Brazil,Santa Catarina
Jaboatão dos Guararapes,Brazil,Pernambuco
Lauro de Freitas,Brazil,Bahia
Pinhais,Brazil,Paraná
Rio Preto da Eva,Brazil,Amazonas
Simões Filho,Brazil,Bahia
Sinop,Brazil,Mato Grosso
Cambebba,Brazil,Ceará
Trindade,Brazil,Santa Catarina
Freguesia do Ribeirao da Ilha,Brazil,Santa Catarina
Zipaquirá,Colombia,Cundinamarca
Zarzal,Colombia,Valle del Cauca
Zaragoza,Colombia,Antioquia
Yumbo,Colombia,Valle del Cauca
Yopal,Colombia,Casanare
Yarumal,Colombia,Antioquia
Viterbo,Colombia,Caldas
Villeta,Colombia,Cundinamarca
Villavicencio,Colombia,Meta
Villa del Rosario,Colombia,Norte de Santander
Villanueva,Colombia,La Guajira
Villanueva,Colombia,Casanare
Villamaría,Colombia,Caldas
Valledupar,Colombia,Cesar
Urrao,Colombia,Antioquia
Ubaté,Colombia,Cundinamarca
Turbo,Colombia,Antioquia
Turbaco,Colombia,Bolívar
Túquerres,Colombia,Nariño
Tunja,Colombia,Boyacá
Tumaco,Colombia,Nariño
Tuluá,Colombia,Valle del Cauca
Tolú,Colombia,Sucre
Tierralta,Colombia,Córdoba
Tame,Colombia,Arauca
Sucre,Colombia,Sucre
Sonsón,Colombia,Antioquia
Soledad,Colombia,Atlántico
Sogamoso,Colombia,Boyacá
Socorro,Colombia,Santander
Soacha,Colombia,Cundinamarca
Sincelejo,Colombia,Sucre
Sincé,Colombia,Sucre
Sibaté,Colombia,Cundinamarca
Sevilla,Colombia,Valle del Cauca
Segovia,Colombia,Antioquia
Santuario,Colombia,Antioquia
Santo Tomás,Colombia,Atlántico
Santa Rosa de Cabal,Colombia,Risaralda
Santander de Quilichao,Colombia,Cauca
Santa Marta,Colombia,Magdalena
Santa Lucía,Colombia,Atlántico
San Onofre,Colombia,Sucre
San Martín,Colombia,Meta
San Marcos,Colombia,Sucre
San Juan Nepomuceno,Colombia,Bolívar
San Juan del Cesar,Colombia,La Guajira
San Jacinto,Colombia,Bolívar
San Gil,Colombia,Santander
San Carlos,Colombia,Córdoba
San Carlos,Colombia,Antioquia
San Benito Abad,Colombia,Sucre
San Andrés,Colombia,"Archipiélago de San Andrés, Providencia y Santa Catalina"
Sampués,Colombia,Sucre
Salamina,Colombia,Caldas
Sahagún,Colombia,Córdoba
Sabaneta,Colombia,Antioquia
Sabanalarga,Colombia,Atlántico
Sabanagrande,Colombia,Atlántico
Roldanillo,Colombia,Valle del Cauca
Riosucio,Colombia,Caldas
Rionegro,Colombia,Antioquia
Ríohacha,Colombia,La Guajira
Repelón,Colombia,Atlántico
Quimbaya,Colombia,Quindío
Quibdó,Colombia,Chocó
Puerto Tejada,Colombia,Cauca
Puerto Santander,Colombia,Norte de Santander
Puerto López,Colombia,Meta
Puerto Colombia,Colombia,Atlántico
Puerto Boyacá,Colombia,Boyacá
Puerto Berrío,Colombia,Antioquia
Puerto Asís,Colombia,Putumayo
Pradera,Colombia,Valle del Cauca
Popayán,Colombia,Cauca
Planeta Rica,Colombia,Córdoba
Pivijay,Colombia,Magdalena
Pitalito,Colombia,Huila
Piedecuesta,Colombia,Santander
Pereira,Colombia,Risaralda
Patía,Colombia,Cauca
Pasto,Colombia,Nariño
Pamplona,Colombia,Norte de Santander
Palmira,Colombia,Valle del Cauca
Palmar de Varela,Colombia,Atlántico
Belalcazar,Colombia,Cauca
Pacho,Colombia,Cundinamarca
Ocaña,Colombia,Norte de Santander
Neiva,Colombia,Huila
Mosquera,Colombia,Cundinamarca
Morales,Colombia,Bolívar
Montería,Colombia,Córdoba
Montenegro,Colombia,Quindío
Montelíbano,Colombia,Córdoba
Mompós,Colombia,Bolívar
Mocoa,Colombia,Putumayo
Melgar,Colombia,Tolima
Medellín,Colombia,Antioquia
Mariquita,Colombia,Tolima
Marinilla,Colombia,Antioquia
María la Baja,Colombia,Bolívar
Manzanares,Colombia,Caldas
Manizales,Colombia,Caldas
Malambo,Colombia,Atlántico
Málaga,Colombia,Santander
Maicao,Colombia,La Guajira
Magangué,Colombia,Bolívar
Madrid,Colombia,Cundinamarca
Los Patios,Colombia,Norte de Santander
Lorica,Colombia,Córdoba
Líbano,Colombia,Tolima
Leticia,Colombia,Amazonas
Lérida,Colombia,Tolima
La Virginia,Colombia,Risaralda
La Unión,Colombia,Valle del Cauca
La Unión,Colombia,Nariño
La Tebaida,Colombia,Quindío
La Plata,Colombia,Huila
La Mesa,Colombia,Cundinamarca
La Jagua de Ibirico,Colombia,Cesar
La Estrella,Colombia,Antioquia
La Dorada,Colombia,Caldas
La Ceja,Colombia,Antioquia
Jamundí,Colombia,Valle del Cauca
Itagüí,Colombia,Antioquia
Ipiales,Colombia,Nariño
Ibagué,Colombia,Tolima
Honda,Colombia,Tolima
Guacarí,Colombia,Valle del Cauca
Granada,Colombia,Meta
Girón,Colombia,Santander
Girardot City,Colombia,Cundinamarca
Garzón,Colombia,Huila
Galapa,Colombia,Atlántico
Fusagasuga,Colombia,Cundinamarca
Funza,Colombia,Cundinamarca
Fundación,Colombia,Magdalena
Fresno,Colombia,Tolima
Fonseca,Colombia,La Guajira
Floridablanca,Colombia,Santander
Florida,Colombia,Valle del Cauca
Florencia,Colombia,Caquetá
Flandes,Colombia,Tolima
Facatativá,Colombia,Cundinamarca
Espinal,Colombia,Tolima
Envigado,Colombia,Antioquia
El Retén,Colombia,Magdalena
El Copey,Colombia,Cesar
El Charco,Colombia,Nariño
El Cerrito,Colombia,Valle del Cauca
El Carmen de Bolívar,Colombia,Bolívar
El Banco,Colombia,Magdalena
El Bagre,Colombia,Antioquia
Duitama,Colombia,Boyacá
Dos Quebradas,Colombia,Risaralda
Curumaní,Colombia,Cesar
Cúcuta,Colombia,Norte de Santander
Corozal,Colombia,Sucre
Corinto,Colombia,Cauca
Municipio de Copacabana,Colombia,Antioquia
Circasia,Colombia,Quindío
Ciénaga de Oro,Colombia,Córdoba
Ciénaga,Colombia,Magdalena
Chiriguaná,Colombia,Cesar
Chiquinquirá,Colombia,Boyacá
Chinú,Colombia,Córdoba
Chinchiná,Colombia,Caldas
Chimichagua,Colombia,Cesar
Chigorodó,Colombia,Antioquia
Chía,Colombia,Cundinamarca
Chaparral,Colombia,Tolima
Cereté,Colombia,Córdoba
Caucasia,Colombia,Antioquia
Cartago,Colombia,Valle del Cauca
Cartagena,Colombia,Bolívar
Carmen de Viboral,Colombia,Antioquia
Candelaria,Colombia,Valle del Cauca
Campo de la Cruz,Colombia,Atlántico
Campoalegre,Colombia,Huila
Cali,Colombia,Valle del Cauca
Caldas,Colombia,Antioquia
Calarcá,Colombia,Quindío
Cajicá,Colombia,Cundinamarca
Caicedonia,Colombia,Valle del Cauca
Buga,Colombia,Valle del Cauca
Buenaventura,Colombia,Valle del Cauca
Buenaventura,Colombia,Valle del Cauca
Bucaramanga,Colombia,Santander
Bogotá,Colombia,Bogota D.C.
Bello,Colombia,Antioquia
Belén de Umbría,Colombia,Risaralda
Barranquilla,Colombia,Atlántico
Barrancas,Colombia,La Guajira
Barrancabermeja,Colombia,Santander
Barbosa,Colombia,Antioquia
Barbosa,Colombia,Santander
Baranoa,Colombia,Atlántico
Ayapel,Colombia,Córdoba
Armenia,Colombia,Quindío
Arjona,Colombia,Bolívar
Ariguaní,Colombia,Cesar
Arauca,Colombia,Arauca
Aracataca,Colombia,Magdalena
Apartadó,Colombia,Antioquia
Anserma,Colombia,Risaralda
Andes,Colombia,Antioquia
Andalucía,Colombia,Valle del Cauca
Aguazul,Colombia,Casanare
Aguadas,Colombia,Caldas
Aguachica,Colombia,Cesar
Acacías,Colombia,Meta
Morales,Colombia,Cauca
Carepa,Colombia,Antioquia
Ciudad Bolívar,Colombia,Antioquia
Agustín Codazzi,Colombia,Cesar
Plato,Colombia,Magdalena
San José del Guaviare,Colombia,Guaviare
Zamora,Ecuador,Zamora-Chinchipe
Yaguachi Nuevo,Ecuador,Guayas
Vinces,Ecuador,Los Ríos
Ventanas,Ecuador,Los Ríos
Velasco Ibarra,Ecuador,Guayas
Tulcán,Ecuador,Carchi
Tena,Ecuador,Napo
Sucre,Ecuador,Manabí
Santo Domingo de los Colorados,Ecuador,Santo Domingo de los Tsáchilas
Santa Rosa,Ecuador,El Oro
Santa Elena,Ecuador,Santa Elena
San Lorenzo de Esmeraldas,Ecuador,Esmeraldas
San Gabriel,Ecuador,Carchi
Samborondón,Ecuador,Guayas
Salinas,Ecuador,Santa Elena
Rosa Zarate,Ecuador,Esmeraldas
Riobamba,Ecuador,Chimborazo
Quito,Ecuador,Pichincha
Quevedo,Ecuador,Los Ríos
Puyo,Ecuador,Pastaza
Pujilí,Ecuador,Cotopaxi
Puerto Francisco de Orellana,Ecuador,Orellana
Portoviejo,Ecuador,Manabí
Playas,Ecuador,Guayas
Piñas,Ecuador,El Oro
Pelileo,Ecuador,Tungurahua
Pedro Carbo,Ecuador,Guayas
Pasaje,Ecuador,El Oro
Otavalo,Ecuador,Imbabura
Naranjito,Ecuador,Guayas
Naranjal,Ecuador,Guayas
Montecristi,Ecuador,Manabí
Montalvo,Ecuador,Los Ríos
Manta,Ecuador,Manabí
Machala,Ecuador,El Oro
Machachi,Ecuador,Pichincha
Macas,Ecuador,Morona-Santiago
Loja,Ecuador,Loja
La Troncal,Ecuador,Cañar
Latacunga,Ecuador,Cotopaxi
La Maná,Ecuador,Cotopaxi
La Libertad,Ecuador,Guayas
Nueva Loja,Ecuador,Sucumbios
Jipijapa,Ecuador,Manabí
Ibarra,Ecuador,Imbabura
Huaquillas,Ecuador,El Oro
Guayaquil,Ecuador,Guayas
Guaranda,Ecuador,Bolívar
Gualaceo,Ecuador,Azuay
Esmeraldas,Ecuador,Esmeraldas
El Triunfo,Ecuador,Guayas
Eloy Alfaro,Ecuador,Guayas
Cuenca,Ecuador,Azuay
Chone,Ecuador,Manabí
Cayambe,Ecuador,Pichincha
Catamayo,Ecuador,Loja
Cariamanga,Ecuador,Loja
Calceta,Ecuador,Manabí
Boca Suno,Ecuador,Orellana
Balzar,Ecuador,Guayas
Bahía de Caráquez,Ecuador,Manabí
Babahoyo,Ecuador,Los Ríos
Azogues,Ecuador,Cañar
Atuntaqui,Ecuador,Imbabura
Ambato,Ecuador,Tungurahua
Tutamandahostel,Ecuador,Pichincha
Yurimaguas,Peru,Loreto
Virú,Peru,La Libertad
Uchiza,Peru,San Martín
Tumbes,Peru,Tumbes
Trujillo,Peru,La Libertad
Tocache,Peru,San Martín
Tingo María,Peru,Huanuco
Tambo Grande,Peru,Piura
Talara,Peru,Piura
Sullana,Peru,Piura
Sechura,Peru,Piura
Santiago de Cao,Peru,La Libertad
San Pedro de Lloc,Peru,La Libertad
Saña,Peru,Lambayeque
Rioja,Peru,San Martín
Querecotillo,Peru,Piura
Pucallpa,Peru,Ucayali
Piura,Peru,Piura
Pimentel,Peru,Lambayeque
Picsi,Peru,Lambayeque
Paita,Peru,Piura
Paiján,Peru,La Libertad
Pacasmayo,Peru,La Libertad
Moyobamba,Peru,San Martín
Monsefú,Peru,Lambayeque
Moche,Peru,La Libertad
Marcavelica,Peru,Piura
La Unión,Peru,Piura
Laredo,Peru,La Libertad
La Peca,Peru,Amazonas
Lambayeque,Peru,Lambayeque
Juanjuí,Peru,San Martín
Jaén,Peru,Cajamarca
Iquitos,Peru,Loreto
Huaraz,Peru,Ancash
Huánuco,Peru,Huanuco
Huamachuco,Peru,La Libertad
Guadalupe,Peru,La Libertad
Ferreñafe,Peru,Lambayeque
Coishco,Peru,Ancash
Chulucanas,Peru,Piura
Chongoyape,Peru,Lambayeque
Chocope,Peru,La Libertad
Chimbote,Peru,Ancash
Chiclayo,Peru,Lambayeque
Chepén,Peru,La Libertad
Chachapoyas,Peru,Amazonas
Catacaos,Peru,Piura
Cajamarca,Peru,Cajamarca
Bellavista,Peru,San Martín
Bagua Grande,Peru,Amazonas
La Breita,Peru,Piura
Zarumilla,Peru,Tumbes
Yunguyo,Peru,Puno
Yanacancha,Peru,Huanuco
Tarma,Peru,Junín
Tambopata,Peru,Madre de Dios
Tacna,Peru,Tacna
Santiago de Surco,Peru,Lima region
Sicuani,Peru,Cusco
Satipo,Peru,Junín
San Vicente de Cañete,Peru,Lima region
Santa Ana,Peru,Cusco
San Isidro,Peru,Lima region
San Clemente,Peru,Ica
Puno,Peru,Puno
Puerto Maldonado,Peru,Madre de Dios
Pisco,Peru,Ica
Paramonga,Peru,Lima region
Nuevo Imperial,Peru,Lima region
Nazca,Peru,Ica
Moquegua,Peru,Moquegua
Mollendo,Peru,Arequipa
Minas de Marcona,Peru,Ica
Mala,Peru,Lima region
Lima,Peru,Lima Province
La Oroya,Peru,Junín
Junín,Peru,Junín
Juliaca,Peru,Puno
Jauja,Peru,Junín
Imperial,Peru,Lima region
Ilo,Peru,Moquegua
Ilave,Peru,Puno
Ica,Peru,Ica
Huaura,Peru,Lima region
Huarmey,Peru,Ancash
Huaral,Peru,Lima region
Huanta,Peru,Ayacucho
Huancayo,Peru,Junín
Huancavelica,Peru,Huancavelica
Hualmay,Peru,Lima region
Huacho,Peru,Lima region
Cusco,Peru,Cusco
Chosica,Peru,Lima region
Chincha Alta,Peru,Ica
Chaupimarca,Peru,Pasco
Chancay,Peru,Lima region
Cerro de Pasco,Peru,Pasco
Camaná,Peru,Arequipa
Callao,Peru,Callao
Barranca,Peru,Lima region
Ayaviri,Peru,Puno
Ayacucho,Peru,Ayacucho
Arequipa,Peru,Arequipa
Andahuaylas,Peru,Apurímac
Abancay,Peru,Apurímac
La Rinconada,Peru,Puno
Villarrica,Paraguay,Guairá
Villa Hayes,Paraguay,Presidente Hayes
Villa Elisa,Paraguay,Central
San Lorenzo,Paraguay,Central
San Juan Bautista,Paraguay,Misiones
San Antonio,Paraguay,Central
Presidente Franco,Paraguay,Alto Paraná
Pilar,Paraguay,Ñeembucú
Pedro Juan Caballero,Paraguay,Amambay
Nemby,Paraguay,Central
Limpio,Paraguay,Central
Lambaré,Paraguay,Central
Itauguá,Paraguay,Central
Itá,Paraguay,Central
Fernando de la Mora,Paraguay,Central
Encarnación,Paraguay,Itapúa
Coronel Oviedo,Paraguay,Caaguazú
Concepción,Paraguay,Concepción
Colonia Mariano Roque Alonso,Paraguay,Central
Ciudad del Este,Paraguay,Alto Paraná
Capiatá,Paraguay,Central
Caazapá,Paraguay,Caazapá
Caaguazú,Paraguay,Caaguazú
Caacupé,Paraguay,Cordillera
Asunción,Paraguay,Asunción
Young,Uruguay,Río Negro
Trinidad,Uruguay,Flores
Trinidad,Uruguay,Flores
Treinta y Tres,Uruguay,Treinta y Tres
Tacuarembó,Uruguay,Tacuarembó
Santa Lucía,Uruguay,Canelones
San José de Mayo,Uruguay,San José
San Carlos,Uruguay,Maldonado
Salto,Uruguay,Salto
Rocha,Uruguay,Rocha
Rivera,Uruguay,Rivera
Progreso,Uruguay,Canelones
Paysandú,Uruguay,Paysandú
Paso de Carrasco,Uruguay,Canelones
Pando,Uruguay,Canelones
Montevideo,Uruguay,Montevideo
Minas,Uruguay,Lavalleja
Mercedes,Uruguay,Soriano
Melo,Uruguay,Cerro Largo
Maldonado,Uruguay,Maldonado
Las Piedras,Uruguay,Canelones
La Paz,Uruguay,Canelones
Fray Bentos,Uruguay,Río Negro
Florida,Uruguay,Florida
Durazno,Uruguay,Durazno
Dolores,Uruguay,Soriano
Delta del Tigre,Uruguay,San José
Colonia del Sacramento,Uruguay,Colonia
Carmelo,Uruguay,Colonia
Canelones,Uruguay,Canelones
Artigas,Uruguay,Artigas
La Asunción,Venezuela,Nueva Esparta
Anaco,Venezuela,Anzoátegui
Alto Barinas,Venezuela,Barinas
Zaraza,Venezuela,Guárico
Yaritagua,Venezuela,Yaracuy
Villa de Cura,Venezuela,Aragua
Villa Bruzual,Venezuela,Portuguesa
Valle de La Pascua,Venezuela,Guárico
Valera,Venezuela,Trujillo
Valencia,Venezuela,Carabobo
Upata,Venezuela,Bolívar
Turmero,Venezuela,Aragua
Tucupita,Venezuela,Delta Amacuro
Trujillo,Venezuela,Trujillo
Tinaquillo,Venezuela,Cojedes
Táriba,Venezuela,Táchira
Santa Teresa,Venezuela,Miranda
Santa Rita,Venezuela,Zulia
Santa Elena de Uairén,Venezuela,Bolívar
San Mateo,Venezuela,Aragua
San Juan de los Morros,Venezuela,Guárico
San Juan de Colón,Venezuela,Táchira
San José de Guanipa,Venezuela,Anzoátegui
San Joaquín,Venezuela,Carabobo
San Felipe,Venezuela,Yaracuy
San Cristóbal,Venezuela,Táchira
San Carlos del Zulia,Venezuela,Zulia
San Carlos,Venezuela,Cojedes
San Antonio del Táchira,Venezuela,Táchira
San Antonio de Los Altos,Venezuela,Miranda
Rubio,Venezuela,Táchira
La Villa del Rosario,Venezuela,Zulia
Quíbor,Venezuela,Lara
Punto Fijo,Venezuela,Falcón
Punta Cardón,Venezuela,Falcón
Puerto La Cruz,Venezuela,Anzoátegui
Puerto Cabello,Venezuela,Carabobo
Puerto Ayacucho,Venezuela,Amazonas
Porlamar,Venezuela,Nueva Esparta
Petare,Venezuela,Miranda
Palo Negro,Venezuela,Aragua
Ocumare del Tuy,Venezuela,Miranda
Nirgua,Venezuela,Yaracuy
Mucumpiz,Venezuela,Mérida
Morón,Venezuela,Carabobo
Mérida,Venezuela,Mérida
Mariara,Venezuela,Carabobo
Maracay,Venezuela,Aragua
Maracaibo,Venezuela,Zulia
Maiquetía,Venezuela,Vargas
Machiques,Venezuela,Zulia
Los Teques,Venezuela,Miranda
Los Rastrojos,Venezuela,Lara
Los Dos Caminos,Venezuela,Miranda
La Victoria,Venezuela,Aragua
Las Tejerías,Venezuela,Aragua
Lagunillas,Venezuela,Zulia
La Guaira,Venezuela,Vargas
Juan Griego,Venezuela,Nueva Esparta
Güiria,Venezuela,Sucre
Güigüe,Venezuela,Carabobo
Guatire,Venezuela,Miranda
Guarenas,Venezuela,Miranda
Guanare,Venezuela,Portuguesa
Guacara,Venezuela,Carabobo
El Vigía,Venezuela,Mérida
El Tocuyo,Venezuela,Lara
El Tigre,Venezuela,Anzoátegui
El Limón,Venezuela,Aragua
El Hatillo,Venezuela,Miranda
Ejido,Venezuela,Mérida
Cumaná,Venezuela,Sucre
Cúa,Venezuela,Miranda
Coro,Venezuela,Falcón
Ciudad Guayana,Venezuela,Bolívar
Ciudad Bolívar,Venezuela,Bolívar
Chivacoa,Venezuela,Yaracuy
Charallave,Venezuela,Miranda
Chacao,Venezuela,Miranda
Tacarigua,Venezuela,Carabobo
Caucagüito,Venezuela,Miranda
Catia La Mar,Venezuela,Vargas
Carúpano,Venezuela,Sucre
Carrizal,Venezuela,Miranda
Carora,Venezuela,Lara
Caracas,Venezuela,Capital
Caraballeda,Venezuela,Vargas
Cantaura,Venezuela,Anzoátegui
Calabozo,Venezuela,Guárico
Cagua,Venezuela,Aragua
Cabimas,Venezuela,Zulia
Baruta,Venezuela,Miranda
Barquisimeto,Venezuela,Lara
Barinitas,Venezuela,Barinas
Barinas,Venezuela,Barinas
Barcelona,Venezuela,Anzoátegui
Araure,Venezuela,Portuguesa
Altagracia de Orituco,Venezuela,Guárico
Acarigua,Venezuela,Portuguesa
Maturín,Venezuela,Monagas
La Fría,Venezuela,Táchira
El Cafetal,Venezuela,Miranda
Caucaguita,Venezuela,Miranda
La Dolorita,Venezuela,Miranda
Guasdualito,Venezuela,Apure
San Fernando de Apure,Venezuela,Apure